category,current_price,competitor_price,demand_score,stock_quantity,sales_history,customer_visits,season_factor,recommended_price
Accessories,4768.36,5100.23,59.87,102,121,16900,0.85,4667.46
Footwear,1422.31,1622.82,83.24,293,385,5361,1.3,1543.75
Electronics,56072.7,56489.15,43.19,48,474,18992,0.87,55320.36
Home Appliances,8164.57,8454.54,38.25,243,831,17962,0.82,7927.8
Footwear,8547.32,8420.39,1.33,88,315,10303,1.2,8474.79
Accessories,1432.82,1511.59,61.0,263,942,8276,1.25,1535.21
Accessories,1156.51,1245.11,42.52,53,105,8039,0.82,1137.8
Fashion,5421.55,5580.78,92.19,455,461,1066,1.28,5810.06
Wearables,16769.74,15619.41,82.87,409,216,6381,1.07,16757.38
Electronics,17110.91,16717.71,39.49,135,471,15472,1.21,17532.59
Electronics,111031.16,120696.72,60.6,489,230,6234,1.26,114154.17
Electronics,23580.38,22243.24,32.52,98,683,11015,1.24,24650.51
Electronics,66695.13,76133.4,84.89,4,217,552,1.19,75434.95
Fashion,639.81,564.54,3.14,230,240,8805,1.08,597.34
Accessories,4565.56,4222.18,41.04,170,540,1109,1.27,4767.96
Accessories,4669.58,5101.22,63.34,133,795,13981,0.89,4879.19
Home Appliances,53346.97,50535.78,12.21,472,230,1356,1.01,49677.88
Home Appliances,32112.6,31316.95,22.21,306,233,713,1.27,32108.17
Home Appliances,15469.56,15739.2,40.38,317,496,6635,1.28,15948.05
Electronics,34991.74,40216.78,26.68,1,641,14605,0.83,34952.29
Wearables,15112.71,15721.83,68.07,52,683,5841,1.08,15920.91
Footwear,3815.33,4162.3,47.03,97,197,1980,1.21,4013.39
Electronics,35346.87,35433.81,69.58,258,659,2861,1.14,36853.55
Footwear,4965.59,4364.03,94.05,423,639,2435,1.22,5106.84
Footwear,4883.52,4317.23,92.47,477,297,16696,1.13,4892.0
Accessories,1525.9,1753.07,96.54,452,36,7208,0.97,1581.97
Footwear,8763.86,9675.29,85.63,53,119,12233,1.23,9606.29
Home Appliances,56587.61,64628.66,28.39,365,337,12019,1.15,58448.86
Wearables,10522.23,11192.01,23.72,276,815,4037,0.98,10605.02
Electronics,88242.93,88476.27,63.63,21,749,18127,1.29,96789.73
Wearables,20496.2,22993.25,43.44,276,797,7072,1.05,21348.7
Footwear,7377.65,7972.03,4.36,171,219,18639,1.28,7445.78
Wearables,35572.77,38216.39,95.31,348,496,351,1.28,38247.14
Electronics,57784.47,52055.01,55.68,222,565,619,1.27,58634.85
Home Appliances,8539.06,8833.68,99.01,449,638,16588,0.95,8818.29
Electronics,109835.35,105205.5,29.36,246,537,6036,0.93,105624.19
Wearables,5100.58,4343.43,62.79,19,320,12089,1.15,5209.8
Accessories,3020.67,2964.91,67.2,50,664,17008,1.29,3268.45
Home Appliances,36677.5,31511.47,3.73,325,782,15388,0.86,34246.92
Accessories,4836.68,4774.68,84.2,479,883,4192,1.15,5034.83
Accessories,923.9,1054.05,71.46,146,656,8361,0.94,964.89
Wearables,9004.68,7872.45,42.83,395,640,1131,1.26,8984.07
Fashion,1818.83,1597.23,18.29,236,884,13234,1.28,1841.4
Home Appliances,44612.24,38559.02,56.6,434,996,7303,0.81,43148.02
Home Appliances,8232.55,7230.21,31.14,445,452,11201,0.85,7278.13
Electronics,77730.96,81223.58,4.81,245,836,2899,0.93,75095.44
Fashion,3942.23,3945.94,85.65,324,515,19273,1.27,4235.62
Accessories,2124.4,2215.72,45.83,178,426,5437,0.99,2153.65
Electronics,102950.44,93891.35,27.4,11,606,3423,0.81,99515.45
Electronics,103522.56,99963.35,68.16,417,114,8858,1.05,101088.61
Fashion,4332.05,4499.63,87.75,419,728,11707,1.01,4551.34
Footwear,5656.27,5439.1,77.64,151,662,7407,1.08,5994.71
Accessories,2316.27,2490.6,75.45,360,797,13634,1.07,2366.78
Wearables,36029.88,34832.27,1.08,232,914,4221,0.98,34892.48
Accessories,4765.29,5409.47,57.34,366,143,4541,0.96,4828.49
Electronics,30317.72,34237.16,97.42,397,222,4779,1.02,31803.5
Wearables,15334.77,13573.11,14.3,73,953,2589,1.23,15591.08
Fashion,2681.58,2996.86,14.66,28,164,13857,1.23,2817.2
Home Appliances,49329.58,55948.35,98.6,131,803,3191,1.15,53742.24
Footwear,3886.22,3688.32,43.45,172,652,9485,1.09,3916.52
Accessories,858.44,759.94,64.92,0,386,10238,0.92,851.36
Electronics,132260.88,121293.64,96.32,43,684,1902,0.96,134660.5
Home Appliances,55704.67,62708.68,25.3,146,531,11754,1.06,57975.75
Electronics,99720.34,102242.7,90.12,440,970,13373,1.28,108540.29
Home Appliances,28972.43,30016.6,27.74,347,675,3769,0.98,28265.75
Electronics,50093.23,49390.54,3.23,200,928,2829,0.94,48777.06
Wearables,36615.23,40158.17,94.98,255,708,18272,1.26,39902.44
Electronics,119976.31,119269.77,98.53,266,852,4208,1.0,126154.51
Footwear,10294.88,11339.8,46.87,98,510,434,0.81,10362.91
Wearables,39989.27,45947.32,55.54,484,564,10966,1.18,41402.1
Footwear,3871.36,3813.92,12.92,50,684,17150,0.9,3807.97
Fashion,2469.89,2183.55,67.16,161,437,10407,1.22,2554.41
Fashion,5187.0,5267.77,56.09,221,762,10090,1.09,5236.42
Wearables,25571.76,27137.37,21.3,421,703,13101,1.29,26013.79
Fashion,3744.55,3623.5,43.75,446,993,17765,1.07,3775.9
Home Appliances,38458.94,42639.78,94.95,387,137,19906,1.05,39818.71
Accessories,611.31,528.02,62.08,449,204,6319,1.12,591.11
Electronics,77116.09,79077.14,40.03,399,519,12697,1.15,77459.61
Electronics,136066.44,135003.55,66.76,433,60,11364,0.82,128406.56
Wearables,3208.58,3255.47,53.44,11,345,19027,0.86,3192.87
Fashion,4297.17,3703.28,79.94,120,213,10528,1.06,4307.55
Electronics,52378.48,57189.99,74.83,252,691,352,0.99,54099.77
Home Appliances,16458.64,17742.2,53.13,385,364,6859,0.82,16136.45
Home Appliances,45728.13,39286.94,86.72,293,738,1956,0.92,45029.92
Electronics,114549.7,103631.42,56.4,272,230,6279,0.96,112772.8
Footwear,8207.29,8157.01,58.42,469,33,12960,1.17,8204.46
Electronics,91201.9,87885.05,33.74,179,281,15729,1.09,89093.75
Home Appliances,15843.97,15203.98,48.78,349,842,19951,0.94,15713.07
Electronics,25831.56,26021.51,41.04,35,919,5392,1.25,27840.81
Home Appliances,58578.83,58416.25,72.29,61,440,896,1.07,61235.75
Fashion,2039.89,2204.81,18.7,117,835,16658,1.17,2165.38
Home Appliances,19451.94,19926.01,15.44,355,844,18460,1.1,19406.89
Home Appliances,22186.44,19753.13,6.34,171,897,18494,1.14,22456.15
Footwear,4967.78,5607.92,83.06,235,945,1958,1.17,5416.33
Electronics,42675.24,41129.06,92.64,319,917,6001,1.19,45687.37
Accessories,1069.18,961.49,81.46,378,77,7627,1.25,1090.95
Electronics,133422.07,129117.01,81.66,294,615,6993,1.03,137997.33
Electronics,46348.71,51904.64,38.39,461,820,3737,0.91,45659.38
Footwear,5860.5,5566.57,73.05,41,447,15424,1.24,6330.21
Footwear,9716.85,8701.46,31.17,484,410,17384,0.87,8914.72
Accessories,2978.48,3213.0,87.68,352,117,6421,1.03,3053.53
Wearables,20481.58,19922.16,77.19,410,94,2724,1.15,21119.6
Accessories,3666.04,3774.96,82.68,253,841,11161,1.09,3850.34
Home Appliances,38052.16,42753.73,13.91,209,984,15378,0.81,36812.1
Accessories,3086.93,2718.54,91.88,132,887,6009,1.13,3240.47
Electronics,72257.64,77383.11,93.44,213,778,13768,0.86,76303.01
Wearables,39423.97,43432.18,12.47,312,0,1904,0.96,37959.08
Electronics,115473.7,105274.37,78.78,153,936,8020,1.0,117641.55
Electronics,131574.95,148270.24,46.57,474,417,3650,1.09,133635.49
Accessories,2268.95,2551.33,36.24,62,661,19147,0.81,2257.17
Wearables,21576.6,24654.77,45.9,147,629,9966,0.89,21877.46
Home Appliances,45747.75,41766.4,89.81,31,669,9742,1.04,47455.25
Footwear,1909.65,2067.5,45.33,193,501,5282,1.0,1922.67
Electronics,60138.98,52480.34,75.32,265,457,10143,1.06,60325.43
Electronics,18427.16,16526.32,71.6,348,7,17266,1.08,17889.1
Wearables,24611.86,23425.11,56.94,50,608,3104,1.16,25548.4
Footwear,3826.26,4081.39,85.57,490,911,8406,0.87,3818.15
Fashion,571.51,500.44,20.79,146,623,3502,1.24,567.97
Wearables,18014.13,20136.23,81.74,403,522,4891,1.21,19151.28
Accessories,3233.5,3145.62,55.2,225,52,7133,0.91,3132.63
Fashion,4699.83,4192.41,86.85,119,58,16136,1.2,4839.22
Home Appliances,45276.16,47977.05,40.26,200,757,17735,1.22,47606.3
Accessories,921.7,1032.46,69.12,292,74,5525,1.05,943.78
Home Appliances,50295.28,45865.6,1.1,468,26,8042,0.93,44546.53
Footwear,7652.06,7882.81,66.5,454,905,11714,1.01,7807.23
Fashion,1414.56,1515.57,8.28,291,370,13131,0.83,1305.68
Footwear,4317.89,4130.94,71.9,294,743,17767,1.04,4425.07
Wearables,20382.69,18975.74,53.98,466,738,15900,1.22,20640.14
Footwear,7645.9,7265.7,77.09,72,712,2393,1.16,8275.71
Fashion,3028.25,2642.99,7.78,107,171,9700,0.94,2821.89
Fashion,1067.02,1007.67,80.74,304,956,16763,1.15,1109.07
Footwear,9108.03,9945.68,65.88,373,975,5369,0.92,9353.66
Electronics,102299.76,108228.3,5.16,25,46,4923,1.09,99706.78
Wearables,29778.9,27032.68,11.53,314,726,1550,1.04,28474.27
Home Appliances,6128.31,6045.84,52.24,102,272,9424,0.98,6088.95
Footwear,8719.92,8301.04,72.48,363,38,6690,1.07,8862.86
Home Appliances,21168.89,21968.39,88.6,425,107,15279,1.01,21361.24
Footwear,10646.78,10739.2,93.91,226,890,7256,0.8,10916.93
Wearables,31153.15,30236.61,47.99,184,271,19945,0.94,30289.03
Accessories,3766.64,3471.46,11.05,141,375,2083,0.95,3575.59
Home Appliances,36579.19,34134.95,91.03,462,584,4544,0.99,36203.95
Fashion,4888.94,4535.45,58.86,294,439,8252,1.25,5037.51
Fashion,1418.69,1627.73,23.17,147,860,15984,0.92,1445.24
Electronics,40169.17,43538.37,35.01,260,53,7264,0.91,38848.32
Electronics,140246.56,161069.29,17.39,489,418,14601,1.25,145308.13
Wearables,22405.03,23029.72,58.01,97,266,18074,1.0,22642.56
Footwear,2598.76,2901.84,95.57,331,169,13824,1.13,2726.29
Accessories,2051.64,1903.77,72.34,89,913,8278,0.91,2100.14
Wearables,35990.24,41296.73,6.15,300,223,16751,1.1,35553.53
Fashion,3490.78,3872.49,73.39,215,146,18817,1.13,3699.35
Electronics,36240.99,32548.76,33.4,44,344,13531,0.85,34405.73
Wearables,35473.09,39430.22,2.92,22,425,7611,1.21,36959.06
Wearables,30253.31,27174.37,81.8,205,588,344,0.9,30105.23
Electronics,100294.83,93067.69,63.4,343,364,1057,0.85,95645.49
Home Appliances,4050.38,3968.04,84.01,411,571,2432,1.27,4233.95
Footwear,2996.88,3240.51,70.86,373,704,11433,0.82,3009.39
Fashion,5945.82,6259.85,44.6,250,226,2478,0.99,5978.02
Footwear,8579.59,8440.35,27.36,284,515,14338,0.85,8141.51
Electronics,37089.22,40369.49,69.37,371,799,14048,1.14,38620.17
Electronics,145036.95,124643.4,73.13,302,975,16183,1.18,150825.57
Wearables,39391.15,38319.72,89.41,14,161,2030,0.9,40383.12
Fashion,5253.97,5211.74,96.82,429,984,5826,0.85,5364.54
Footwear,10323.66,11132.08,62.62,447,939,8934,1.26,11132.91
Accessories,2322.44,2113.78,49.16,318,725,5159,0.96,2306.21
Fashion,4886.58,4608.57,45.52,71,788,17823,1.29,5211.92
Electronics,131116.52,142124.45,3.96,213,690,13449,0.87,129143.42
Accessories,4937.31,4407.78,49.89,85,91,16069,0.97,4814.76
Electronics,62334.64,53605.35,7.86,405,102,10483,1.29,58741.9
Fashion,4292.06,4679.1,20.02,374,427,18329,1.12,4354.63
Fashion,3939.18,4274.11,61.23,382,6,508,1.25,4071.99
Accessories,3108.14,3372.79,48.09,126,808,4159,0.84,3126.87
Wearables,27030.9,27016.26,55.54,401,722,711,0.97,26699.27
Electronics,81592.37,71349.1,40.33,444,92,16359,0.82,73527.59
Home Appliances,57764.49,56307.22,84.62,292,515,3503,1.29,60447.19
Fashion,5268.67,5393.03,43.86,116,865,12053,1.24,5593.17
Fashion,5956.73,5570.48,35.92,130,236,579,1.12,5977.03
Electronics,32761.64,34882.87,90.9,86,297,9181,0.99,33607.46
Home Appliances,31059.84,28704.55,87.07,110,13,4649,1.09,31875.33
Accessories,3086.87,2775.27,39.11,27,65,10288,1.09,3006.44
Footwear,10744.06,10557.2,33.09,92,777,11133,1.21,11361.84
Electronics,75673.57,77668.72,94.86,312,575,6149,0.99,77190.4
Accessories,2530.77,2792.07,80.57,155,366,1792,1.08,2715.92
Footwear,2408.73,2242.35,5.71,292,19,331,0.82,2165.34
Wearables,5365.11,4726.62,58.47,11,489,8517,1.29,5580.15
Footwear,1253.35,1423.24,63.91,184,38,6688,1.06,1303.19
Home Appliances,20552.01,21813.99,20.19,374,7,10275,0.89,18898.73
Wearables,18862.51,20945.73,17.71,289,192,14696,1.29,19285.21
Fashion,3898.16,4329.57,57.06,75,986,10105,1.2,4265.05
Accessories,3479.61,3182.81,65.89,52,303,13430,1.09,3517.75
Home Appliances,21132.36,23455.47,99.33,268,584,19664,1.17,22907.41
Accessories,3357.4,3624.51,92.57,18,453,3603,1.18,3677.97
Footwear,5257.26,4936.89,64.91,212,654,4856,1.08,5445.01
Footwear,5396.43,5313.37,23.75,496,290,14487,0.84,5044.77
Fashion,4676.39,4677.02,54.24,327,815,10743,1.26,4942.86
Wearables,14967.42,14429.47,39.88,292,974,11613,1.04,15198.73
Home Appliances,43933.02,49936.77,1.82,406,618,9256,1.25,43638.95
Wearables,36125.16,33345.14,92.7,270,323,13126,1.04,36521.18
Accessories,1506.85,1409.6,30.73,238,155,16539,1.11,1462.51
Fashion,2699.48,3085.55,82.32,349,458,1336,1.14,2874.99
Electronics,91587.15,84898.43,96.29,451,885,1848,1.21,94844.8
Accessories,504.04,524.17,95.14,374,917,1350,1.24,543.19
Fashion,1461.25,1400.22,90.59,151,719,17506,0.92,1496.2
Wearables,13478.3,14416.22,85.12,166,201,195,1.18,14334.21
Wearables,8384.54,8980.36,86.28,118,660,16386,0.89,8677.53
Wearables,26394.92,27242.94,54.67,137,968,17534,1.1,27923.47
Footwear,7648.11,8051.56,44.27,124,166,11593,0.86,7531.98
Footwear,7714.77,7338.04,90.55,108,35,13081,1.12,7871.82
Electronics,45598.61,43615.02,6.94,48,827,3763,1.13,46791.63
Accessories,1398.45,1415.23,88.01,49,66,8029,0.96,1457.39
Accessories,3410.64,3469.77,73.07,285,115,711,1.08,3421.2
Accessories,4819.83,5014.97,75.48,310,207,2715,0.85,4838.39
Electronics,55615.17,63644.38,47.49,29,236,7496,1.0,57577.61
Home Appliances,59571.56,67202.69,54.0,120,285,198,0.85,60662.87
Electronics,97145.67,97344.96,15.93,141,803,5832,0.93,95109.97
Fashion,2595.0,2475.36,23.91,448,842,5349,0.94,2489.26
Home Appliances,35294.8,34141.11,50.12,48,41,1876,1.14,35671.13
Fashion,5274.31,5758.38,79.0,435,525,8314,0.96,5408.12
Fashion,1228.89,1362.35,92.28,269,832,4967,1.21,1352.17
Accessories,2662.06,2581.13,14.64,116,481,15801,1.04,2577.74
Wearables,22882.12,26079.82,43.25,140,542,895,1.24,24513.58
Wearables,6015.26,6269.39,21.6,253,129,5229,0.98,5891.3
Fashion,3028.9,2627.42,99.49,252,926,5128,0.92,3021.94
Footwear,2006.0,2176.13,26.54,262,79,8850,1.05,1951.87
Accessories,3381.9,3734.99,72.43,484,627,5743,1.13,3546.55
Footwear,5171.8,5038.57,82.75,228,597,3766,0.81,5131.43
Home Appliances,48049.25,49233.4,68.1,375,422,14878,1.29,49061.5
Fashion,855.39,738.02,37.14,496,699,10684,1.03,802.17
Accessories,1444.35,1510.08,81.07,220,435,19927,1.0,1492.57
Fashion,5406.47,6144.99,78.69,392,424,6322,1.2,5740.16
Fashion,711.34,797.08,46.15,202,758,17209,1.25,760.77
Electronics,97881.03,85156.07,51.84,466,580,7133,1.06,94278.87
Electronics,115737.98,121259.92,80.21,482,663,11330,1.28,122644.14
Wearables,16728.62,16537.65,99.16,435,398,5380,1.13,17222.99
Wearables,22885.41,25154.73,6.87,137,549,13329,1.06,22950.13
Electronics,54885.04,59317.94,62.47,449,462,11874,0.93,54432.2
Electronics,86590.79,74691.95,96.85,148,675,6028,1.29,92610.57
Home Appliances,30702.88,34574.18,52.08,287,891,16955,0.97,31431.81
Accessories,2126.67,1912.1,27.38,467,724,11485,0.9,1944.05
Home Appliances,3724.75,4274.99,67.15,221,630,16472,1.22,4034.57
Wearables,10400.41,11893.07,74.82,237,646,14621,0.83,10739.09
Home Appliances,45931.68,42753.18,53.96,268,465,13107,0.87,44743.47
Footwear,2827.3,2693.61,41.34,420,700,1426,1.05,2794.85
Home Appliances,35206.25,37201.24,87.33,366,280,3350,0.88,35216.8
Electronics,115131.13,128306.19,27.79,482,223,10097,1.2,115205.77
Footwear,4558.03,4889.42,81.51,218,922,11379,0.98,4828.16
Home Appliances,51338.72,56574.72,83.27,461,13,13994,1.28,54564.64
Electronics,106581.14,114775.03,84.2,69,823,17558,0.86,113908.0
Fashion,5374.08,5524.09,39.15,468,821,2073,0.89,5152.77
Fashion,3907.74,3738.33,79.42,19,272,10872,1.04,4022.14
Fashion,3588.17,3653.46,60.35,161,669,17027,1.1,3748.14
Accessories,4177.73,4175.55,7.71,405,663,9374,1.17,4110.22
Wearables,7603.2,7211.31,43.4,145,830,1701,0.83,7571.79
Accessories,3757.62,4319.4,93.31,300,160,12535,1.12,3983.7
Home Appliances,59494.21,63906.65,74.0,89,399,9078,0.89,61430.41
Wearables,39226.58,35287.77,70.03,349,253,2807,1.06,38765.48
Fashion,5190.0,4762.67,37.69,319,932,10245,1.2,5256.37
Fashion,5655.44,6004.98,63.12,125,742,5155,1.25,6110.69
Accessories,3387.69,3851.75,6.9,363,617,9607,0.93,3272.26
Footwear,4176.61,4536.38,97.48,399,181,2064,1.02,4285.31
Accessories,3212.59,3272.33,34.59,177,928,14339,1.17,3343.04
Footwear,11604.66,11814.13,93.68,425,665,2589,1.19,12250.92
Wearables,11748.14,12291.52,19.81,471,304,18372,0.95,11417.63
Wearables,25124.04,23989.73,11.41,177,628,15402,1.23,25538.31
Wearables,10641.56,10335.01,54.25,422,597,12514,1.07,10872.69
Home Appliances,15890.38,17544.18,42.86,4,513,14407,1.22,16994.6
Footwear,8230.51,8342.69,6.23,423,293,4716,1.03,7956.2
Footwear,9691.8,8823.51,25.86,19,153,9333,1.18,9539.51
Wearables,27065.92,24318.35,25.55,380,679,18539,1.18,26566.59
Electronics,18667.6,16232.63,46.39,455,43,18011,1.05,17595.53
Electronics,68646.49,60273.15,44.11,266,503,6461,1.06,66665.49
Accessories,4026.42,4120.14,63.46,54,904,8128,1.26,4338.96
Accessories,2921.75,2629.03,61.35,364,258,332,0.94,2804.61
Home Appliances,11020.56,10035.37,18.42,100,927,14253,1.21,11356.71
Home Appliances,7757.45,8647.43,80.36,301,886,7233,1.29,8497.71
Wearables,39396.19,41380.81,63.47,259,923,1175,1.29,42222.21
Wearables,23270.72,23462.0,71.94,417,665,276,0.89,23195.87
Wearables,13266.61,14931.07,11.07,59,939,19424,1.13,13775.93
Home Appliances,50210.21,47727.94,17.38,276,155,18149,1.25,49061.25
Footwear,6063.79,6516.44,65.11,175,895,16071,1.17,6548.71
Footwear,8048.74,7146.31,67.62,65,482,9177,0.8,7916.42
Home Appliances,51777.02,47539.27,83.7,342,639,9844,1.15,52276.89
Wearables,3261.2,3069.38,65.32,141,995,16893,0.92,3326.11
Electronics,121440.39,127451.14,26.03,224,645,7468,0.8,117231.62
Home Appliances,29240.42,32438.42,54.66,34,658,5711,1.2,31354.96
Footwear,5763.52,4971.66,73.99,153,613,1800,0.86,5711.08
Accessories,384.63,438.03,72.67,250,635,13736,1.07,411.59
Footwear,10625.74,9390.76,70.37,316,675,10754,0.92,10428.08
Electronics,126312.2,110178.63,22.64,333,221,90,0.82,114146.0
Accessories,4423.03,4923.62,33.04,85,936,19632,1.11,4743.07
Home Appliances,27463.41,25550.11,78.92,468,766,17094,0.83,26748.25
Accessories,1335.06,1330.4,73.76,200,444,13685,1.23,1395.14
Footwear,10839.25,10655.14,60.71,306,549,12516,0.92,10711.76
Accessories,789.86,762.49,48.77,341,491,243,0.94,771.31
Home Appliances,7043.14,6524.18,36.19,267,261,8971,1.25,7048.82
Footwear,4189.59,4782.25,33.13,240,866,8383,1.11,4345.89
Wearables,22406.28,24786.75,4.95,135,554,5037,0.94,22037.52
Wearables,18664.46,17088.3,39.68,309,381,18234,1.21,18738.05
Wearables,15118.48,15152.1,87.42,396,703,15164,0.82,14990.18
Footwear,2620.08,2443.02,39.46,107,18,11645,1.24,2613.32
Wearables,13756.16,15092.4,95.51,249,452,4665,1.23,15091.66
Home Appliances,5914.72,5484.61,5.95,174,851,14019,0.86,5572.39
Fashion,1007.57,1036.68,54.96,112,736,16765,0.84,994.38
Electronics,142132.97,149320.89,67.87,449,818,10108,1.1,145078.26
Electronics,97697.42,108650.23,72.4,154,628,11827,1.06,104035.75
Footwear,6966.85,6218.9,1.17,267,418,2332,1.04,6517.12
Wearables,32704.86,29918.91,46.66,407,504,7511,1.22,32675.44
Home Appliances,51554.95,50068.59,7.76,72,948,10263,1.19,53579.08
Footwear,6061.33,6205.47,75.94,22,359,15484,1.09,6387.6
Fashion,2535.29,2175.85,39.3,407,678,3411,0.88,2347.58
Electronics,61693.46,55298.19,2.54,443,913,2061,0.8,55948.41
Footwear,5623.99,5305.48,67.71,324,391,979,1.22,5845.34
Accessories,1086.59,1240.46,22.85,343,442,4702,0.99,1101.97
Footwear,3455.73,3897.0,41.42,50,817,18743,1.18,3663.17
Wearables,33748.25,32436.09,37.48,34,86,835,1.21,34278.14
Electronics,26907.23,27769.96,15.16,400,108,3857,0.97,25062.72
Electronics,86854.77,78212.81,24.69,342,946,13915,1.21,87022.69
Wearables,9395.71,8148.84,34.24,491,532,8541,1.22,9000.34
Wearables,18873.66,19588.41,48.89,434,508,19604,1.24,19369.89
Home Appliances,35454.51,36737.9,20.13,340,519,1357,1.23,35960.94
Footwear,11022.11,11756.66,53.34,139,245,12071,1.2,11561.11
Accessories,571.38,602.37,46.68,11,581,932,1.03,594.18
Home Appliances,36557.7,35190.4,28.58,416,957,13577,1.02,35974.95
Footwear,6721.77,6706.3,57.73,178,948,15359,1.03,7099.16
Accessories,4090.97,4062.11,99.61,327,115,7134,1.02,4117.27
Electronics,55288.71,50982.54,31.19,322,442,13374,1.29,55838.66
Fashion,3122.64,3298.5,72.27,53,905,12463,1.12,3355.87
Accessories,4080.85,3810.0,21.07,56,733,12356,0.9,4037.78
Wearables,2215.3,2505.79,82.19,200,126,8498,1.22,2350.59
Fashion,1074.22,1041.71,72.31,461,383,8655,0.81,1034.0
Home Appliances,49069.41,55659.74,7.23,60,82,5292,1.23,49635.62
Fashion,922.74,922.91,79.45,143,357,7405,0.87,940.53
Accessories,4357.98,4228.95,29.25,119,893,5736,1.25,4604.71
Wearables,24163.78,26644.66,54.9,157,436,2878,1.1,25615.08
Home Appliances,13707.04,14610.85,86.69,73,9,1639,0.84,13746.75
Fashion,1830.62,1948.12,82.25,407,846,13383,1.08,1907.64
Home Appliances,53273.55,58448.2,72.17,360,715,15970,0.96,55625.82
Electronics,84002.43,72582.77,27.62,293,208,14137,0.8,77069.05
Wearables,37373.72,41036.88,12.99,136,922,5843,0.96,37489.84
Accessories,4563.84,5170.35,42.24,197,623,15977,1.28,4908.63
Fashion,3605.46,4070.75,84.42,438,905,6368,0.88,3704.41
Wearables,35269.43,31913.26,27.84,10,784,12768,1.27,36593.75
Footwear,8156.81,7051.2,36.01,303,870,19021,1.23,8064.81
Footwear,6143.16,5606.64,36.87,235,872,9133,1.23,6296.92
Accessories,4296.64,3925.4,65.74,458,821,2055,0.91,4125.92
Wearables,30652.88,26385.43,39.47,263,262,14659,1.17,29879.29
Electronics,135179.03,126557.7,36.78,312,48,4263,1.19,135271.7
Wearables,12168.52,13393.21,1.47,164,101,18249,1.22,12272.92
Footwear,6522.94,6335.64,53.09,181,883,12878,1.03,6683.29
Accessories,495.79,480.56,76.23,118,155,11073,1.19,518.89
Footwear,7413.84,6471.65,38.26,232,673,15543,1.02,7241.61
Wearables,14988.54,16063.34,22.33,312,637,6205,0.8,14560.93
Accessories,4281.19,3669.31,89.86,224,982,15114,0.95,4296.18
Wearables,17124.2,16111.73,6.57,488,156,19710,1.17,16010.76
Fashion,5946.15,5480.85,53.07,467,433,16711,0.98,5704.99
Footwear,9036.77,9361.38,89.61,24,393,8702,1.21,9714.92
Accessories,3321.25,3629.99,94.74,101,215,9965,1.07,3600.48
Electronics,108149.96,114317.65,93.06,83,819,14746,1.02,114943.21
Wearables,38064.71,43344.02,62.09,61,597,6403,1.07,40845.45
Home Appliances,27670.51,23884.36,16.57,92,519,11741,1.25,27432.34
Footwear,9765.94,10802.46,24.2,69,680,14657,1.12,10231.33
Accessories,4975.65,5291.69,98.11,331,138,8598,1.02,5096.18
Home Appliances,3742.69,3197.22,82.94,284,570,1346,1.28,3893.08
Wearables,38210.08,43563.91,39.28,361,7,10767,1.16,38962.78
Electronics,36964.47,37686.22,77.16,85,43,12474,1.22,38575.31
Accessories,1978.04,2230.95,22.87,170,980,18651,0.96,2037.16
Footwear,3941.27,3640.72,40.28,363,652,1246,0.86,3774.86
Electronics,35763.95,41022.18,95.48,128,671,8842,1.18,39285.53
Wearables,3239.48,2809.64,44.44,345,717,13022,0.93,3048.3
Accessories,2997.05,2921.17,84.73,256,57,14238,1.29,3115.25
Electronics,38654.94,42908.18,28.25,220,579,13046,1.16,40284.72
Footwear,5817.02,5513.96,83.97,108,699,14584,1.25,6341.02
Fashion,5388.88,5460.83,20.45,391,552,9633,0.97,5161.58
Home Appliances,14803.32,12898.84,6.9,270,994,2518,1.03,14144.88
Accessories,1012.5,1126.67,53.91,247,627,16712,1.27,1096.55
Home Appliances,34161.93,34490.11,59.04,187,565,5495,0.83,33522.45
Footwear,10733.53,9290.63,19.11,331,37,12757,1.17,10052.68
Wearables,30844.62,31859.08,89.6,356,536,16639,0.86,30682.24
Home Appliances,25412.13,26103.12,66.1,58,798,3323,0.81,25827.55
Fashion,4793.47,4913.94,95.22,9,725,2882,1.1,5272.53
Wearables,23283.48,25244.41,70.85,50,803,1154,1.27,25510.13
Fashion,4334.65,4613.36,46.17,0,406,13739,1.16,4557.82
Footwear,1760.47,1571.48,21.34,339,307,2342,1.23,1725.24
Electronics,113152.66,115259.77,94.71,64,848,7156,1.04,119245.77
Accessories,2106.47,1806.42,83.9,487,77,11115,1.11,2055.17
Fashion,2907.14,2676.0,70.49,338,901,17426,1.28,3053.44
Footwear,6408.46,5674.99,96.15,445,482,2813,0.91,6243.19
Footwear,10545.19,9460.96,30.98,150,513,19527,1.14,10426.01
Footwear,10387.35,11889.06,62.8,499,463,16249,0.83,10329.0
Electronics,17672.41,17092.84,19.14,139,400,19383,0.97,17047.1
Home Appliances,17086.5,16347.62,8.39,488,18,12303,0.99,15862.53
Accessories,4915.63,5335.72,73.35,214,525,5991,1.1,5186.88
Fashion,1486.51,1696.4,11.33,317,680,2038,0.89,1455.84
Accessories,2286.82,2181.53,39.76,386,777,14164,0.93,2240.41
Home Appliances,11204.69,11525.23,17.21,494,229,16396,1.02,10461.47
Accessories,3115.51,3231.08,64.85,413,308,19283,1.15,3203.31
Electronics,110395.03,114038.31,31.29,99,58,18989,0.8,103676.74
Accessories,4749.65,4188.11,15.48,78,314,4807,1.27,4675.96
Wearables,17509.76,14964.17,58.29,304,136,132,1.28,17750.0
Accessories,3710.91,3841.44,73.94,261,175,5335,0.85,3671.93
Footwear,10812.62,9464.18,80.72,366,270,3726,1.06,10656.31
Footwear,1297.78,1332.61,61.33,376,40,10459,1.15,1313.19
Wearables,35343.86,37875.08,1.37,62,736,4214,0.84,34218.66
Fashion,843.89,833.5,73.27,313,160,1601,0.84,824.77
Footwear,4259.69,4626.16,39.74,357,832,1064,1.17,4437.09
Home Appliances,19615.26,21208.46,42.75,389,618,8074,0.97,19459.92
Fashion,1866.11,1981.13,42.76,419,625,5788,1.27,1956.58
Accessories,2271.13,2271.19,78.51,185,184,13566,0.95,2276.46
Home Appliances,4613.74,4212.39,28.1,2,973,11223,1.13,4742.85
Electronics,139743.63,123472.46,51.64,496,713,15245,1.13,137384.81
Accessories,2397.15,2617.09,0.8,139,443,2380,1.06,2392.55
Electronics,63179.61,60408.34,82.86,152,748,13672,0.91,65014.99
Home Appliances,23202.22,23241.44,94.11,96,880,7022,1.0,24866.91
Footwear,10151.81,9691.6,52.16,260,425,136,1.22,10412.77
Electronics,16788.89,15761.12,45.92,86,652,11871,0.99,16988.69
Wearables,8280.81,7043.64,71.87,133,619,11331,0.95,8079.79
Home Appliances,12447.65,13907.22,24.15,137,114,11221,0.86,12236.35
Fashion,3842.64,3549.08,5.77,245,126,16580,0.97,3591.11
Footwear,7214.29,7032.0,42.89,18,194,14715,1.01,7334.57
Fashion,1444.32,1444.37,41.2,245,896,11219,0.81,1418.75
Wearables,6453.75,6138.56,14.28,281,16,15860,0.9,5986.09
Electronics,143444.67,155342.95,61.13,170,536,18222,1.0,148166.82
Fashion,1893.0,1614.72,72.34,119,823,554,1.24,1994.65
Electronics,80487.78,76470.51,79.16,205,412,4484,1.21,83845.51
Footwear,2017.56,1949.66,80.35,434,383,19041,0.9,1926.31
Home Appliances,30317.83,27422.99,74.31,334,731,11114,1.29,31915.07
Home Appliances,27707.92,31840.68,55.91,220,322,14212,0.84,27058.15
Home Appliances,24234.4,21098.81,36.96,59,883,2940,1.13,24813.08
Electronics,65387.56,67976.68,9.54,206,47,15818,1.09,63035.46
Electronics,93801.33,101735.8,75.17,294,479,11627,1.18,98556.61
Accessories,1216.38,1358.85,75.0,400,399,11016,1.1,1283.11
Wearables,26857.04,29992.29,57.88,469,573,19325,1.04,27027.26
Footwear,3202.03,3297.87,86.15,221,715,8891,1.05,3406.22
Electronics,93930.19,83606.81,44.39,278,657,7535,1.2,95432.32
Footwear,11341.94,11805.96,32.45,172,991,4301,1.03,11515.83
Home Appliances,15466.79,15909.0,26.46,486,436,1280,1.19,15190.14
Accessories,3936.21,4228.88,15.06,391,768,3798,0.93,3852.87
Home Appliances,26668.74,29776.69,82.43,315,119,18271,1.13,28117.35
Footwear,6753.37,7231.97,43.64,76,229,15673,0.92,6762.17
Home Appliances,43289.76,49358.08,82.67,139,298,1006,1.17,47055.44
Wearables,19701.38,20121.98,30.4,268,880,2900,0.81,19244.92
Footwear,10371.13,10078.7,1.37,303,500,2900,0.81,9448.31
Footwear,1257.74,1423.16,41.48,124,137,10826,0.83,1262.65
Wearables,30755.75,30223.31,70.74,426,664,5445,1.08,31114.26
Fashion,2380.48,2400.24,21.16,50,660,2877,1.05,2431.98
Home Appliances,48851.6,52004.0,59.32,202,287,19395,0.98,49625.49
Electronics,101974.66,116483.03,6.98,405,850,7032,1.1,103403.37
Accessories,499.01,510.94,45.29,429,653,19939,0.81,481.99
Footwear,6098.65,6016.09,68.57,165,642,7373,1.04,6380.86
Home Appliances,53252.09,54602.03,83.38,321,803,9852,1.1,55733.55
Wearables,18086.74,15832.58,60.68,115,438,13505,1.15,18356.85
Footwear,3481.3,3860.41,88.61,431,154,7432,0.94,3533.88
Wearables,4370.97,4154.98,6.7,118,267,13282,1.13,4284.88
Fashion,5658.81,4954.46,38.56,433,70,2461,0.88,5128.45
Fashion,911.52,894.69,52.99,292,637,14169,0.86,891.63
Accessories,1608.33,1752.26,32.63,391,92,911,0.81,1512.84
Accessories,3467.77,3012.7,21.05,85,515,11536,1.19,3491.56
Home Appliances,52285.56,46872.83,8.27,129,30,12348,1.08,49560.11
Home Appliances,47491.69,44693.82,31.17,427,111,14189,1.04,45092.95
Electronics,74635.78,85478.14,39.57,438,105,8467,1.03,74330.63
Footwear,11911.15,12497.9,19.92,462,830,7742,1.29,12368.68
Electronics,141956.59,121336.97,52.28,332,719,14586,1.05,140926.24
Electronics,131072.28,127407.69,32.82,195,186,14730,1.06,128650.81
Wearables,35815.58,39230.84,51.01,76,187,1931,1.23,38105.01
Electronics,115116.35,107498.5,13.17,119,219,16486,0.94,109273.17
Accessories,2606.6,2533.52,90.32,95,421,6905,1.08,2771.75
Footwear,11340.07,12680.41,33.75,314,798,16782,1.2,11796.29
Home Appliances,59345.73,50893.19,25.26,212,761,13957,0.92,56832.62
Accessories,2069.69,1903.32,26.54,384,910,18430,0.85,1964.01
Fashion,1803.97,2046.69,94.47,327,775,364,0.92,1899.48
Electronics,119289.7,126536.13,61.53,245,721,9154,1.15,126735.25
Wearables,31239.06,30281.88,82.76,268,170,15046,0.82,30186.43
Electronics,78224.58,84644.14,12.34,383,691,1898,1.02,77444.18
Home Appliances,59794.7,65104.61,75.37,207,264,3921,0.82,59851.02
Electronics,40533.78,45669.82,69.56,106,231,19547,1.0,42452.41
Footwear,7339.42,7673.03,21.08,220,724,3974,1.22,7549.01
Home Appliances,4091.86,4493.1,52.47,232,944,13732,0.97,4269.29
Electronics,59847.75,56145.14,4.15,358,667,10284,1.11,56913.04
Fashion,3907.89,4024.69,50.63,213,217,11989,1.28,4113.38
Accessories,3487.14,3532.14,34.69,187,493,6276,0.96,3430.31
Footwear,10374.97,9095.7,99.17,96,446,13305,1.27,11060.18
Fashion,5607.47,4870.32,9.24,399,183,3408,0.88,5014.48
Fashion,1541.66,1312.74,6.01,72,281,9157,1.18,1503.95
Fashion,1474.56,1383.55,11.48,282,463,15522,0.8,1369.91
Fashion,4444.16,4918.98,35.68,139,470,2280,0.85,4384.9
Home Appliances,13864.76,12553.01,34.21,472,851,5602,1.21,13745.64
Accessories,1653.34,1649.78,29.99,435,974,9225,0.86,1570.26
Wearables,15495.0,13381.09,21.79,470,963,16524,1.27,15327.26
Footwear,5637.26,5739.71,94.27,199,502,4348,1.2,6127.84
Wearables,5752.01,5019.77,36.15,442,236,13207,0.91,5299.3
Electronics,109460.2,113300.42,86.35,107,843,4056,0.89,113866.94
Footwear,9280.14,9450.68,24.62,219,889,18938,0.82,8977.97
Fashion,776.92,672.68,69.2,438,277,10400,1.09,762.52
Electronics,92980.29,89053.04,82.36,208,21,8919,1.25,96214.52
Electronics,59304.23,54128.03,8.47,336,495,639,1.26,58307.13
Footwear,3589.38,3461.23,80.84,309,508,16702,1.03,3662.94
Home Appliances,41714.35,36415.4,42.08,417,25,11318,0.96,38547.07
Home Appliances,12189.47,12761.44,97.12,272,248,4671,1.22,12932.51
Footwear,9554.58,8247.63,69.33,418,914,18373,1.08,9473.81
Fashion,5085.04,5565.08,61.18,144,326,14748,1.28,5540.65
Home Appliances,41521.91,43492.04,7.01,238,835,857,0.88,40188.71
Accessories,4564.07,4093.45,22.01,351,236,5363,1.08,4327.85
Footwear,4033.3,3807.1,83.65,70,503,2468,0.99,4099.98
Wearables,25933.18,25180.17,75.24,145,881,5366,1.19,27412.27
Home Appliances,11346.87,12480.18,54.03,121,493,6813,0.99,11495.39
Home Appliances,17316.65,19104.83,48.4,95,456,18198,1.25,18600.03
Footwear,10147.67,10795.64,69.67,446,451,11138,1.16,10442.67
Wearables,34573.28,37896.75,44.06,192,979,18631,1.19,36955.84
Home Appliances,42218.6,37410.59,93.85,278,713,17540,1.24,44380.01
Wearables,13674.22,13864.81,41.72,411,993,2465,1.02,13804.03
Home Appliances,25406.92,22359.96,1.66,333,354,8357,0.97,23553.33
Fashion,1785.97,1530.78,83.49,172,902,2991,1.23,1885.69
Home Appliances,15180.79,14816.47,0.97,482,186,1931,1.27,14704.4
Electronics,121295.21,114251.58,4.03,75,699,9598,1.08,122972.02
Home Appliances,14083.52,12364.75,41.05,42,16,13424,0.91,13656.76
Accessories,4141.33,4676.06,9.54,283,629,16022,0.84,4051.68
Wearables,35084.09,37811.04,72.75,398,227,15840,1.06,35435.73
Footwear,3535.51,3226.42,29.64,310,284,14021,1.17,3415.95
Fashion,811.74,698.42,39.19,470,33,9071,1.29,770.01
Accessories,4464.6,4994.58,29.73,230,914,13911,0.92,4571.21
Electronics,88653.59,78163.87,4.53,342,637,15996,0.98,83195.27
Fashion,692.17,793.86,3.0,136,617,13968,1.29,734.34
Wearables,26240.27,30059.6,76.8,186,883,1211,1.01,28670.87
Accessories,3427.22,3427.95,64.49,422,244,17360,1.14,3454.96
Accessories,3135.0,3157.2,25.36,208,224,17805,0.9,3048.09
Accessories,3970.32,4317.48,60.25,259,107,10820,0.86,3906.72
Fashion,5392.67,6110.86,76.58,385,315,15079,1.01,5598.29
Home Appliances,11173.54,9559.14,46.41,297,807,9086,1.13,10982.16
Home Appliances,10465.5,10798.3,84.94,362,282,10451,0.89,10526.33
Electronics,140396.04,133318.88,46.53,200,521,10129,1.2,143607.03
Fashion,2845.19,2886.29,17.46,410,385,5247,1.0,2755.26
Accessories,3082.48,2773.52,2.47,404,905,19103,0.84,2782.81
Fashion,2736.25,2443.43,71.47,419,21,14591,1.19,2733.95
Wearables,36210.04,39384.11,67.64,163,147,7747,1.09,37956.46
Footwear,11182.3,10597.99,12.78,230,990,13047,1.14,11122.2
Electronics,104782.56,106561.09,34.27,287,526,6688,1.05,105034.29
Footwear,4426.86,4946.39,1.36,354,784,12420,0.87,4265.24
Home Appliances,33797.07,37357.43,95.76,290,644,15610,1.08,36044.09
Fashion,3839.24,3711.08,24.03,246,640,14216,0.84,3710.92
Home Appliances,28313.9,28584.63,87.36,98,531,18015,1.03,29741.4
Electronics,69365.0,72954.79,68.22,28,111,3044,0.98,69986.05
Accessories,903.13,924.4,69.34,108,275,3194,1.2,954.49
Wearables,2976.21,2783.83,44.3,436,876,10500,0.91,2869.64
Fashion,3379.6,3158.84,29.81,76,923,13381,1.13,3435.32
Footwear,8087.96,8864.57,4.16,426,274,9713,1.0,7727.08
Accessories,1746.52,1806.06,89.79,231,327,1516,0.87,1788.29
Accessories,1985.52,2230.54,2.09,87,719,18346,1.29,2108.71
Wearables,28680.08,27229.03,67.57,74,479,14392,1.03,29584.86
Wearables,6577.0,6743.81,96.93,25,920,9319,1.03,7139.68
Electronics,83300.77,74852.15,65.81,272,962,13057,0.86,82491.5
Home Appliances,25074.64,26275.89,44.2,243,505,11400,1.01,25241.7
Home Appliances,10715.26,9743.3,18.05,440,390,12718,0.86,9721.1
Accessories,2141.19,1924.5,73.44,426,501,8971,0.91,2086.31
Home Appliances,23727.79,20870.44,11.65,407,978,18773,1.07,22788.5
Home Appliances,11456.54,10329.51,87.88,354,558,16172,1.02,11423.17
Accessories,3187.68,3210.31,31.91,431,38,15898,1.21,3130.44
Accessories,4604.2,4410.54,30.7,254,454,6446,0.86,4350.6
Fashion,5932.62,5622.38,39.41,43,711,11977,1.0,6151.86
Wearables,2398.76,2683.06,14.91,11,629,17295,0.81,2402.76
Electronics,132973.12,113542.05,22.67,234,701,11430,1.02,126177.13
Home Appliances,10244.49,9289.55,45.93,421,420,16338,1.22,10303.39
Fashion,2926.33,2662.44,26.45,97,604,6153,1.08,2922.31
Electronics,75127.18,64186.42,24.74,350,909,5848,1.1,73881.64
Accessories,367.36,364.97,2.1,149,415,7670,1.1,361.41
Fashion,3486.49,3354.5,62.53,122,878,5556,0.89,3591.42
Accessories,1447.56,1490.12,38.51,293,588,11460,1.24,1482.14
Accessories,334.47,286.89,55.33,15,332,6527,1.28,343.96
Electronics,138868.31,150442.06,82.23,277,407,14358,1.03,145671.87
Electronics,25420.32,22902.84,12.69,153,493,3967,0.92,23663.1
Electronics,22979.29,24294.11,72.88,24,529,19695,0.99,23996.66
Accessories,1098.4,951.9,33.11,159,110,15377,0.81,1017.27
Electronics,17999.5,20637.54,4.14,409,903,14337,1.28,18626.41
Wearables,5684.7,5137.31,79.75,65,969,2088,0.86,5741.7
Accessories,641.85,599.61,34.99,202,146,9240,0.92,612.31
Accessories,2602.39,2704.44,73.97,213,662,7719,0.9,2660.47
Accessories,3735.09,3645.46,57.84,402,539,19372,0.83,3608.06
Home Appliances,25956.15,26108.86,99.65,15,539,12321,1.18,28589.94
Wearables,7054.37,6332.15,94.93,84,793,6090,1.0,7272.24
Footwear,8767.84,9001.99,93.87,145,854,19968,0.88,9093.75
Electronics,41839.9,39517.92,22.46,87,882,4580,0.98,41771.69
Home Appliances,21841.98,23445.64,41.24,20,89,2209,0.87,22028.38
Electronics,32979.59,30618.25,41.91,400,27,18419,0.94,30898.06
Electronics,47748.07,41893.8,31.87,321,167,13108,0.89,43992.94
Footwear,1857.74,1596.32,71.44,371,892,6537,1.06,1860.18
Wearables,20791.8,18432.11,58.81,399,737,270,1.21,21003.66
Footwear,7805.78,7327.48,25.57,41,914,4626,0.93,7724.06
Fashion,2897.97,2979.74,58.97,69,863,6241,0.89,2959.53
Fashion,4749.69,5055.9,57.9,87,755,4526,1.21,5164.27
Accessories,1550.19,1472.42,55.74,68,246,3382,1.08,1582.72
Fashion,5372.53,5881.97,1.89,108,329,11502,0.94,5279.82
Wearables,2035.32,2281.52,2.46,163,375,12990,1.14,2052.02
Fashion,5514.49,4753.97,51.22,245,823,17005,0.9,5364.95
Wearables,13528.65,14672.73,76.59,88,798,7651,0.96,14368.21
Electronics,39631.84,45162.97,42.82,219,105,1655,0.98,39760.3
Accessories,3802.51,3497.04,40.53,466,893,1440,1.26,3821.85
Electronics,64981.35,69879.88,89.7,182,269,5636,1.28,69597.38
Electronics,136938.49,127383.55,81.24,209,731,15909,1.04,139571.81
Electronics,55832.95,61841.11,85.72,33,547,17347,1.27,61595.65
Electronics,105363.19,96869.23,24.36,381,481,9549,1.2,104518.17
Home Appliances,3292.96,3239.03,8.43,53,183,18328,1.18,3309.56
Electronics,148186.02,152535.58,8.2,195,34,16812,1.12,144170.37
